Date,Day,Platform,Format,Pillar,Hook / Caption Concept,CTA,Hashtags,Notes
2026-04-01,Wednesday,Instagram,Reel,Workout,"""The 3 exercises I do EVERY single session"" — show Chontel's go-to compound lifts with quick form demos",Link in bio → Neuform 7-day free trial,"#workout #gymtok #musclemummy #fitnessmotivation #neuform",Month kickoff — high value save-worthy content
2026-04-01,Wednesday,TikTok,Video,Workout,"""POV: You follow my program for 8 weeks"" — trending sound + quick transformation montage",Comment PROGRAM for the link,"#fyp #fitmum #gymtok #musclemummy #neuform #workout",Use trending sound. Keep under 15 seconds.
2026-04-01,Wednesday,Instagram,Story,Mum Life,Morning routine — alarm goes off / kids / gym bag packed / car / gym. Quick day-in-the-life.,Poll: Do you train morning or evening?,,Relatable mum content. Use poll sticker.
2026-04-02,Thursday,Instagram,Carousel,Nutrition,"""My exact meal prep for the week — 1 hour 5 meals"" — slide-by-slide breakdown with macros",Save this + Full meal plans on Neuform,"#mealprep #nutrition #fitmum #healthyeating #neuform",Carousels get highest saves. Include macro breakdown.
2026-04-02,Thursday,TikTok,Video,Mum Life,"""5 babies in under 6 years and I still haven't missed a Monday"" — gym clips with kids chaos cuts",Follow for more + app link in bio,"#fyp #musclemummy #fitmum #momlife #gym #motivation",Raw authentic style. Show the real juggle.
2026-04-02,Thursday,Instagram,Story,Transformation,Share a client DM transformation (with permission). Before/after screenshots.,Swipe up to start your journey on Neuform,,Social proof. Ask permission first.
2026-04-03,Friday,Instagram,Reel,Motivation,"""I almost quit after baby #4. Here's why I didn't."" — emotional voiceover over training footage",Link in bio → 7-day free trial,"#motivation #fitmum #musclemummy #nevergiveup #neuform",Story-driven content. Shareable.
2026-04-03,Friday,TikTok,Video,Workout,"""Stop doing this exercise wrong"" — common squat mistakes with corrections",Follow for more gym tips,"#gymtok #fyp #squats #fitness #workouttips",Educational content drives comments/saves
2026-04-03,Friday,Instagram,Story,Workout,Quick poll: Upper body or lower body today? Then show your actual session.,Link to today's workout on Neuform app,,Interactive story with poll + real-time training
2026-04-04,Saturday,Instagram,Reel,Mum Life,"""Saturday morning as a mum of 5 who still trains"" — chaotic morning to gym transition",Tag a mum who needs this,"#mumlife #fitmum #saturdaymotivation #musclemummy",Weekend content. Relatable. Shareable.
2026-04-04,Saturday,TikTok,Video,Motivation,"""POV: You finally start the program you've been putting off"" — motivational montage",Comment START and I'll send you the link,"#fyp #motivation #gym #fitness #neuform",Use aspirational trending sound
2026-04-05,Sunday,Instagram,Carousel,Workout,"""My full weekly training split — save this"" — 10 slides showing Mon-Sat split with exercises",Full program available on Neuform,"#trainingsplit #gym #workout #fitnessprogram #neuform",High save rate content. Reference Neuform programs.
2026-04-05,Sunday,TikTok,Video,Nutrition,"""What I eat in a day — mum of 5 edition"" — quick cuts of all meals",App link in bio for full meal plans,"#whatieatinaday #fyp #nutrition #fitmum #mealprep",WIAD format always performs. Keep authentic.
2026-04-06,Monday,Instagram,Reel,Workout,"""Monday motivation — full upper body session"" — follow-along style with Chontel coaching to camera","Full program on Neuform, link in bio","#mondaymotivation #upperbody #gym #workout #neuform",Start the week strong. Instructional content.
2026-04-06,Monday,TikTok,Video,Workout,"""The back workout that changed my physique"" — show the exercises with text overlays",Follow + link in bio for full program,"#backmuscles #fyp #gym #musclemummy #workout",Physique-focused content. Show results.
2026-04-06,Monday,Instagram,Story,App Walkthrough,Screen record of the Neuform app — show browsing programs + selecting a workout + nutrition plan,Tap to try free for 7 days,,Weekly app walkthrough. Show the product.
2026-04-07,Tuesday,Instagram,Carousel,Transformation,"""Client spotlight: Sarah's 8-week transformation"" — before/after + her quote + program she followed",DM me TRANSFORM to get started,"#transformation #beforeandafter #neuform #fitnessprogram",Real results. Tag the client. Powerful social proof.
2026-04-07,Tuesday,TikTok,Video,Mum Life,"""Things only gym mums understand"" — relatable humor compilation",Tag your gym bestie,"#fyp #fitmum #gymhumor #mumlife #relatable",Humor drives shares. Use trending sound.
2026-04-07,Tuesday,Instagram,Story,Motivation,Share a motivational quote card + voice note about why you started training,Question box: What's YOUR why?,,Build community connection. Use question sticker.
2026-04-08,Wednesday,Instagram,Reel,Nutrition,"""3 high-protein meals I eat every single week"" — quick recipe demos",All recipes + meal plans on Neuform,"#highprotein #mealprep #nutrition #healthyrecipes #neuform",Recipe content gets high saves and shares
2026-04-08,Wednesday,TikTok,Video,Workout,"""Gym exercises ranked from overrated to underrated"" — tier list format",Follow for more gym content,"#fyp #gymtok #exerciseranking #fitness #workout",Tier list format drives comments and debate
2026-04-08,Wednesday,Instagram,Story,Mum Life,Kids dropped at school → quick gym selfie → post-workout smoothie,Share your post-school workout routine,,Relatable daily flow content
2026-04-09,Thursday,Instagram,Reel,Workout,"""The leg workout that will humble you"" — show the full session with weights/reps on screen",Try this in my Neuform program,"#legday #gluteworkout #gym #workout #neuform",Challenge content. Gets people tagging friends.
2026-04-09,Thursday,TikTok,Video,Transformation,"""I had 5 C-sections. Here's my core now."" — powerful visual transformation",Link in bio for my programs,"#fyp #postpartum #csection #fitmum #musclemummy #comeback",Vulnerable + powerful. High share potential.
2026-04-09,Thursday,Instagram,Story,Nutrition,Quick story series: What's in my gym bag? What's in my fridge?,Link to Neuform nutrition plans,,Behind-the-scenes. Use the quiz sticker.
2026-04-10,Friday,Instagram,Carousel,Motivation,"""5 things I wish I knew before starting my fitness journey"" — wisdom slides",Share this with someone who needs it,"#fitnesstips #motivation #fitmum #neuform",Shareable wisdom content. End slide = Neuform CTA.
2026-04-10,Friday,TikTok,Video,Workout,"""Follow along: 10 minute HIIT you can do anywhere"" — no equipment needed",Full programs on my app Neuform,"#fyp #hiit #homeworkout #fitness #fitmum",Accessible workout. Broadens audience.
2026-04-10,Friday,Instagram,Story,App Walkthrough,Show a member's comment about the app + your response + app demo,Try it free for 7 days,,Social proof + product demo combo
2026-04-11,Saturday,Instagram,Reel,Mum Life,"""What my partner thinks I do vs what I actually do at the gym"" — funny comparison",Tag your gym partner,"#gymhumor #fitmum #couplegoals #musclemummy",Humor content. Weekend vibes. Shareable.
2026-04-11,Saturday,TikTok,Video,Nutrition,"""Healthy snacks my kids actually eat"" — mum + fitness crossover",Follow for more mum fitness content,"#fyp #healthysnacks #mumlife #fitmum #nutrition",Cross-niche content. Taps into mum audience.
2026-04-12,Sunday,Instagram,Reel,Motivation,"""Your Sunday reminder: You're one workout away from a better mood"" — cinematic gym session footage",Start tomorrow with Neuform — link in bio,"#sundaymotivation #gym #mentalhealth #fitness #neuform",Emotional content to set up the week
2026-04-12,Sunday,TikTok,Video,Mum Life,"""Sunday reset as a mum of 5"" — meal prep + plan the week + family time",Follow for the daily grind,"#fyp #sundayreset #mumlife #fitmum #mealprep",Lifestyle content. Builds connection.
2026-04-13,Monday,Instagram,Reel,Workout,"""NEW PROGRAM DROP: My April training program is LIVE on Neuform"" — hype video showing exercises from the program",Link in bio to download Neuform,"#newprogram #neuform #workout #gym #fitnessprogram",Mid-month program launch. Key conversion moment.
2026-04-13,Monday,TikTok,Video,Workout,"""Day 1 of my new program"" — raw gym footage starting the new Neuform program",Comment NEW to get the link,"#fyp #newprogram #gym #workout #neuform #musclemummy",Launch content. Build FOMO.
2026-04-13,Monday,Instagram,Story,Transformation,"Countdown to program launch reveal + client testimonials carousel + ""I designed this for busy mums""",Swipe up → Neuform,,Launch day stories. Multiple story slides. Use countdown sticker.
2026-04-14,Tuesday,Instagram,Carousel,Workout,"""My April program breakdown"" — slide by slide: Week 1-4 overview + what's included + who it's for",Download Neuform for the full program,"#fitnessprogram #neuform #trainingsplit #workout",Program content detail. High save rate.
2026-04-14,Tuesday,TikTok,Video,Transformation,"""Reacting to my body 1 year postpartum vs now"" — side by side reaction video",Follow my journey,"#fyp #postpartum #transformation #fitmum #musclemummy",Reaction format trending on TikTok
2026-04-14,Tuesday,Instagram,Story,Mum Life,Behind the scenes: Juggling filming content + school pickup + training,How do you balance it all? Question box,,Raw authentic content
2026-04-15,Wednesday,Instagram,Reel,Nutrition,"""My go-to post-workout meal in under 10 minutes"" — recipe reel",Full nutrition plan on Neuform,"#postworkout #healthyrecipe #nutrition #fitmum #neuform",Quick recipe content. Practical + saves.
2026-04-15,Wednesday,TikTok,Video,Motivation,"""She said mums can't be muscular"" — proving them wrong montage","Show them what you're made of. Link in bio.","#fyp #musclemummy #motivation #fitmum #strongwomen",Empowerment content. High share potential.
2026-04-15,Wednesday,Instagram,Story,Workout,Live Q&A: Form check — followers submit videos and Chontel coaches in Stories,DM me for personalized coaching on Neuform,,Interactive engagement. Builds trust.
2026-04-16,Thursday,Instagram,Reel,Mum Life,"""The 5am alarm hits different when you have 5 kids"" — morning routine to gym",Who else is in the 5am club?,"#5amclub #mumlife #fitmum #morningroutine #gym",Relatable. Builds the aspirational lifestyle.
2026-04-16,Thursday,TikTok,Video,Workout,"""3 glute exercises you're NOT doing"" — underrated exercises with demo",Save this for your next leg day,"#fyp #glutes #gluteworkout #gym #workouttips",Glute content always performs. Educational.
2026-04-16,Thursday,Instagram,Story,Transformation,Share 3 member results from the first week of the new program,These results are from week 1! Join on Neuform.,,Ongoing program social proof
2026-04-17,Friday,Instagram,Carousel,Workout,"""Upper body at home — no equipment needed"" — 8 exercises with form cues","Save + share. More programs on Neuform.","#homeworkout #upperbody #noequipment #fitness #neuform",Accessible content. Expands beyond gym audience.
2026-04-17,Friday,TikTok,Video,Nutrition,"""Eating 2200 calories as a training mum — full day of eating"" — with macro breakdown",Full plans on my app,"#fyp #whatieatinaday #macros #nutrition #fitmum",Full day of eating. Specific numbers build trust.
2026-04-17,Friday,Instagram,Story,Motivation,Friday wins roundup — share what you accomplished this week + ask followers to share theirs,Celebrate your wins! Drop them below.,,Community building. Use question sticker.
2026-04-18,Saturday,Instagram,Reel,Workout,"""Partner workout with my husband"" — couples workout content",Tag your gym partner,"#couplegoals #partneworkout #gym #fitness #fitmum",Weekend couples content. High share rate.
2026-04-18,Saturday,TikTok,Video,Mum Life,"""POV: Your mum is a bodybuilder"" — kids' perspective humor",Like if your mum is the strongest person you know,"#fyp #musclemummy #mumlife #gymhumor #funny",Humor from kids' POV. Viral potential.
2026-04-19,Sunday,Instagram,Carousel,Nutrition,"""Sunday meal prep guide — feeds a family of 7"" — step by step with shopping list",Full meal plans on Neuform app,"#mealprep #familymeals #nutrition #healthyeating #neuform",Huge family angle is unique. High save rate.
2026-04-19,Sunday,TikTok,Video,Motivation,"""This time last year vs now"" — progress compilation with emotional music",Your journey starts today. Link in bio.,"#fyp #transformation #motivation #fitness #progress",Reflective Sunday content
2026-04-20,Monday,Instagram,Reel,Workout,"""The workout that changed my back"" — full back day walkthrough",Get this workout on Neuform,"#backday #gym #workout #musclemummy #neuform",Physique-specific content. Chontel known for back.
2026-04-20,Monday,TikTok,Video,Workout,"""Exercises I'll never stop doing"" — top 5 with text overlays",Follow for more training tips,"#fyp #gymtok #bestexercises #workout #fitness",List format drives comments and saves
2026-04-20,Monday,Instagram,Story,App Walkthrough,Weekly Neuform app feature: Show the meal plan feature + how to customize,Try it free — link in bio,,Product education through Stories
2026-04-21,Tuesday,Instagram,Reel,Transformation,"""From postpartum to pulling 100kg"" — Chontel's own journey montage",Nothing is impossible. Start on Neuform.,"#postpartum #deadlift #transformation #musclemummy #neuform",Personal transformation. Emotional. Shareable.
2026-04-21,Tuesday,TikTok,Video,Workout,"""Gym bro vs gym mum"" — side by side comparison humor",Tag a gym mum who does it all,"#fyp #gymhumor #fitmum #musclemummy #gymtok",Humor + fitness. Broad appeal.
2026-04-21,Tuesday,Instagram,Story,Mum Life,Day in the life: school run → gym → work at HIIT Capalaba → family dinner,Which part of my day do you want to see more of?,,Full lifestyle content. Use poll sticker.
2026-04-22,Wednesday,Instagram,Carousel,Motivation,"""Mindset shifts that changed my fitness journey"" — 6 powerful reframes",Save this for when you need a reminder,"#mindset #motivation #fitmum #fitness #neuform",Mindset content. High save + share.
2026-04-22,Wednesday,TikTok,Video,Nutrition,"""Stop eating this if you want to lose fat"" — myth-busting common mistakes",Follow for real nutrition advice,"#fyp #nutrition #fatloss #mythbusting #fitness",Contrarian content drives comments
2026-04-22,Wednesday,Instagram,Story,Workout,Quick form tutorial: How to hip hinge properly — with common mistakes,Save this for your next deadlift session,,Educational micro-content
2026-04-23,Thursday,Instagram,Reel,Workout,"""The shoulder workout I swear by"" — full session with coaching cues",Full shoulder program on Neuform,"#shoulderworkout #gym #workout #fitness #neuform",Specific body part content. Saveable.
2026-04-23,Thursday,TikTok,Video,Mum Life,"""What my kids think I do for work"" — ask the kids on camera",The answers will surprise you,"#fyp #mumlife #kidsaysthedarndestthings #fitmum",Kids content + humor. Viral potential.
2026-04-23,Thursday,Instagram,Story,Transformation,Mid-month check-in: Members sharing their April program progress,Still time to join! 7-day free trial on Neuform.,,Ongoing social proof
2026-04-24,Friday,Instagram,Reel,Mum Life,"""Friday night as a fit mum — not what you'd expect"" — wholesome family + early bed for 5am training",Happy Friday! What does yours look like?,"#fridaynight #mumlife #fitmum #musclemummy",Relatable weekend content. Anti-glamour.
2026-04-24,Friday,TikTok,Video,Workout,"""1 exercise to fix your posture"" — quick posture correction demo",Save this. Your back will thank you.,"#fyp #posture #workouttips #gym #fitness",Quick tip format. High save rate.
2026-04-24,Friday,Instagram,Story,Nutrition,Weekend treat meal ideas that still hit your macros,What's your go-to treat meal? Vote!,,Use poll sticker. Relatable nutrition content.
2026-04-25,Saturday,Instagram,Reel,Motivation,"""To every mum who thinks it's too late to start — watch this"" — inspiring montage of mum members",Share this with a mum who needs to hear it,"#fitmum #motivation #musclemummy #nevertooolate #neuform",Emotional shareable content. Strong CTA.
2026-04-25,Saturday,TikTok,Video,Workout,"""Full body workout in my garage"" — showing you don't need a fancy gym",No excuses. Full programs on Neuform.,"#fyp #garagegym #homeworkout #fitness #fitmum",Accessible content. Removes barriers.
2026-04-26,Sunday,Instagram,Carousel,Workout,"""My top 10 exercises of all time — ranked"" — each slide = 1 exercise with why",Which is your #1? Comment below.,"#bestexercises #gym #workout #fitness #neuform",Engagement bait. Gets comments + saves.
2026-04-26,Sunday,TikTok,Video,Nutrition,"""Protein sources I eat daily"" — quick run-through with grams",Full nutrition plans on my app Neuform,"#fyp #protein #nutrition #whatieatinaday #fitmum",Simple practical content
2026-04-27,Monday,Instagram,Reel,Workout,"""New week new energy — Monday push session"" — hype training content",Start your week strong with Neuform,"#mondaymotivation #gym #pushday #workout #neuform",High energy Monday content
2026-04-27,Monday,TikTok,Video,Motivation,"""30 seconds of proof that consistency beats everything"" — progress clips over months",Your future self will thank you,"#fyp #consistency #motivation #fitness #gym",Short powerful motivational clip
2026-04-27,Monday,Instagram,Story,App Walkthrough,Feature spotlight: Show the tracking/progress feature in Neuform app,See your progress tracked — download free,,Product education
2026-04-28,Tuesday,Instagram,Carousel,Transformation,"""April challenge results so far"" — compilation of member before/afters from the month",Join the last few days! Neuform link in bio.,"#transformation #results #neuform #fitnesschallenge",End of month conversion push
2026-04-28,Tuesday,TikTok,Video,Workout,"""The exercise I avoided for years (and why I was wrong)"" — deadlift story",What exercise did YOU avoid? Comment below.,"#fyp #deadlift #gym #gymtok #fitmum",Story + education combo. Gets comments.
2026-04-28,Tuesday,Instagram,Story,Mum Life,Real talk: Balancing guilt of being away from kids to train + why it matters for mental health,How do you manage mum guilt? Drop a message.,,Vulnerable authentic content. Deep connection.
2026-04-29,Wednesday,Instagram,Reel,Nutrition,"""My grocery haul for a family of 7 — and it's all healthy"" — trolley walkthrough",Meal plans for the whole family on Neuform,"#groceryhaul #healthyeating #fitmum #nutrition #neuform",Practical family nutrition. Unique to Chontel.
2026-04-29,Wednesday,TikTok,Video,Mum Life,"""Things I heard when I was pregnant and still training"" — dramatized reactions vs reality",Follow for the real truth about fit pregnancies,"#fyp #pregnancyfitness #fitmum #musclemummy",Controversial topic. High engagement potential.
2026-04-29,Wednesday,Instagram,Story,Motivation,Month-end reflection: What you achieved in April. Ask followers to share theirs.,What was YOUR biggest win this month?,,Community building. Close the month strong.
2026-04-30,Thursday,Instagram,Reel,Motivation,"""April wrap-up: What a month. Here's what this community achieved."" — highlights of member wins + Chontel's own progress","May is going to be even bigger. Join us on Neuform.","#monthlyrecap #neuform #fitmum #musclemummy #fitness",Close the month. Tease May content. Big conversion push.
2026-04-30,Thursday,TikTok,Video,Transformation,"""30 days of consistency — watch what happens"" — April compilation montage",Your May starts now. Link in bio.,"#fyp #30daychallenge #transformation #fitness #neuform",End of month wrap + bridge to next month
2026-04-30,Thursday,Instagram,Story,App Walkthrough,"Final April push: ""Last chance to start your 7-day free trial this month"" — urgency CTA with app demo",Download Neuform now — link in bio,,Urgency-driven conversion. Close strong.